,model,prompt_id,mean_model_score,mean_gain_diff,composite_z
0,deepseek-r1:14b,5,0.23608162945139796,0.016232701171376783,3.299528357429184
1,deepseek-r1:32b,2,0.23050312386130667,0.009122034873113664,3.0276850166375775
2,deepseek-r1:32b,4,0.2255262640497985,0.010006992898940565,2.6383221748652135
3,deepseek-r1:32b,11,0.2373071303979654,0.05815951426287807,2.539314955949603
4,deepseek-r1:8b,1,0.2232436333391233,0.009420347890749275,2.4799027403038982
5,deepseek-r1:70b,4,0.21716214876729456,0.0013262665937482183,2.190501969154941
6,deepseek-r1:7b,10,0.23343741207441482,0.06500690930578495,2.111454393909451
7,deepseek-r1:32b,5,0.21994571076373343,0.01896531710106504,2.0399150126941503
8,deepseek-r1:7b,4,0.2310120462017245,0.06576912732103041,1.9149840895269414
9,deepseek-r1:32b,7,0.21656530229139984,0.017306690873203686,1.8213517252693474
10,deepseek-r1:70b,10,0.21741769514836473,0.02152066051891003,1.7993607734799622
11,llama3.1:8b,2,0.23753911200431085,0.09619829170689695,1.7839405403101434
12,deepseek-r1:70b,3,0.2226533816594428,0.043235298007401446,1.748970104441619
13,deepseek-r1:7b,11,0.22854014429386338,0.06518520862320389,1.742385351797965
14,deepseek-r1:32b,10,0.24644662567043737,0.13470897380234895,1.66637170200765
15,llama3.1:8b,3,0.2396930089304152,0.112445420905721,1.6146405281337928
16,deepseek-r1:7b,3,0.2250965182869226,0.06200868248476973,1.5499378559579187
17,llama3.1:70b,3,0.22787560439898044,0.07393325570484909,1.515095647702636
18,deepseek-r1:32b,6,0.2250691530423063,0.06644238240004728,1.457833596782197
19,llama3.1:70b,2,0.22482729773174612,0.06648170588768663,1.4389869241888271
20,deepseek-r1:32b,3,0.22346398019818026,0.06483170037922602,1.3707692481743572
21,deepseek-r1:7b,9,0.22532137166992927,0.07273916849091883,1.3487475780317417
22,deepseek-r1:7b,8,0.2330354326571086,0.10138131318569209,1.3425806970325358
23,deepseek-r1:8b,7,0.20756539743171168,0.010640239406311362,1.2851710325508265
24,deepseek-r1:7b,0,0.2194104092553077,0.06119029295335094,1.1422492088407705
25,deepseek-r1:14b,3,0.21735213454426228,0.05423975519718672,1.1298422116121114
26,deepseek-r1:7b,1,0.21911502961413545,0.06509065347656316,1.040978774606978
27,deepseek-r1:14b,11,0.23294241636828186,0.11642797064242107,1.0299953094849519
28,deepseek-r1:32b,8,0.2124376405771765,0.042470497267754384,1.0021796348439285
29,deepseek-r1:14b,2,0.21385304535723224,0.04901479263802763,0.9748659994257248
30,llama3.1:70b,11,0.21684466765207508,0.06184775831287223,0.937431542914313
31,llama3.1:8b,9,0.2231283155909212,0.08734236675840874,0.8884596312352829
32,deepseek-r1:7b,7,0.22419050393251203,0.09400902224622167,0.8323025263845841
33,deepseek-r1:8b,8,0.21516597524123965,0.061072863908546986,0.8279035297115209
34,deepseek-r1:70b,0,0.21730218390815637,0.0711556797176895,0.7824998888648516
35,deepseek-r1:7b,2,0.22858346910736144,0.11558824668503062,0.721776394414454
36,deepseek-r1:70b,11,0.22176557136823755,0.09129961344447951,0.7063840606048615
37,deepseek-r1:70b,9,0.22151681422529063,0.09081482358389194,0.6976687218508537
38,deepseek-r1:8b,0,0.21414640009315813,0.0671926331138846,0.6275086170011911
39,deepseek-r1:14b,4,0.21445425027428675,0.06916214372686764,0.6104743547773694
40,llama3.1:70b,8,0.21531965195242442,0.07458537251040061,0.5648903538083473
41,deepseek-r1:14b,9,0.21434300428530723,0.0713048940054264,0.5586469798413053
42,deepseek-r1:70b,8,0.21376666190797733,0.07044073610379305,0.533192495151924
43,llama3.1:8b,1,0.21051076190436008,0.05850187178569758,0.5327438710513309
44,deepseek-r1:70b,6,0.21019955462110676,0.06392561640110477,0.3993476818382952
45,deepseek-r1:70b,5,0.22806248453751404,0.13048213066286823,0.3803581712149753
46,llama3.1:8b,5,0.23918561254592122,0.1739260427459115,0.3279152097444662
47,deepseek-r1:14b,8,0.21260573738640762,0.07738376368305315,0.3055267838683392
48,llama3.3:70b,3,0.2252774870790209,0.1341716497853083,0.09758863408899798
49,deepseek-r1:32b,9,0.2081681282526845,0.07236589542796056,0.07630897376250245
50,llama3.1:8b,7,0.22005579647203669,0.11973414278539912,0.0012026329576478867
51,deepseek-r1:14b,10,0.20307464252862967,0.05845135584875703,-0.021133125547061038
52,deepseek-r1:70b,2,0.22238765312610648,0.1307856049690711,-0.04927744242707832
53,llama3.1:70b,9,0.2069603757544152,0.07580429721003762,-0.08366135092002658
54,llama3.1:70b,0,0.20578668910874395,0.07246188679160107,-0.10335027170212074
55,deepseek-r1:8b,2,0.21386876999205903,0.10437922127460453,-0.1485837818699341
56,deepseek-r1:8b,9,0.21658490423506727,0.11465486899338255,-0.15462883789038673
57,deepseek-r1:7b,6,0.21548148729401748,0.11505491338074009,-0.24509490531212128
58,deepseek-r1:7b,5,0.21614888489480147,0.11816063819311531,-0.2583788097597366
59,llama3.1:70b,5,0.21820516919173294,0.1259170657785895,-0.2624904635471759
60,deepseek-r1:8b,10,0.2009770672372485,0.06418340772125587,-0.2940955533111492
61,deepseek-r1:8b,11,0.216485681014818,0.12320339244714489,-0.3356801550765569
62,deepseek-r1:14b,6,0.20357094594925973,0.07604140587466418,-0.3414060874868173
63,llama3.1:8b,11,0.2114474601987378,0.11098153518623552,-0.46338186484716476
64,llama3.1:8b,8,0.22747917143309784,0.17266592471167522,-0.5200538563353296
65,llama3.1:8b,4,0.2126008866195038,0.12308711610507461,-0.6232119781821589
66,deepseek-r1:32b,1,0.21046632254486208,0.11734841980794,-0.6659281491099625
67,llama3.3:70b,11,0.21290565798635575,0.12685053396007173,-0.6769158076237568
68,deepseek-r1:70b,1,0.23171223945320868,0.19692270406623857,-0.6969013837257452
69,llama3.1:70b,4,0.22594879499250162,0.1824207089493376,-0.8324045539282537
70,deepseek-r1:8b,3,0.20553725440998438,0.11185633324345859,-0.9221871012439121
71,llama3.1:70b,10,0.19483434605316452,0.07281624974080769,-0.9278416365312757
72,llama3.3:70b,9,0.20743164654863605,0.12422738867884786,-1.0321169798849583
73,deepseek-r1:14b,1,0.1943081320770845,0.0760197906798274,-1.0321829805533573
74,llama3.1:70b,7,0.208457025404077,0.13173277578357034,-1.1080581466341641
75,deepseek-r1:32b,0,0.19951759496249377,0.10947199546039182,-1.322956909195251
76,deepseek-r1:8b,5,0.20005910057299592,0.11944744847376865,-1.4851806893681516
77,deepseek-r1:14b,0,0.19629150769961579,0.10681547388356553,-1.509733986523753
78,deepseek-r1:70b,7,0.20010791049547194,0.1251654107600805,-1.5976879041191527
79,llama3.1:70b,1,0.20697581568515588,0.15097274422484927,-1.6094133905764154
80,deepseek-r1:8b,6,0.19636146080382932,0.11420051703764028,-1.6545270214462282
81,deepseek-r1:8b,4,0.19387151060992416,0.11219533496824746,-1.7996023050751682
82,llama3.1:70b,6,0.20676397459791074,0.17206875664788107,-2.0537469572213176
83,llama3.1:8b,10,0.20119401177786483,0.1642869630376373,-2.311320137198861
84,deepseek-r1:14b,7,0.19026956304873904,0.12940315218917314,-2.417933391634976
85,llama3.3:70b,5,0.20216724391239949,0.1740604093090567,-2.4372239453325273
86,llama3.1:8b,6,0.19556507494428466,0.15514881043169299,-2.5457422595077768
87,llama3.3:70b,1,0.2011790459093643,0.17784701970388136,-2.587883722403816
88,llama3.3:70b,7,0.19912222909733665,0.1817860040188762,-2.821381882081587
89,llama3.3:70b,0,0.19893985485711752,0.18186519507302965,-2.8365997518745587
90,llama3.1:8b,0,0.19670010207577715,0.1767009291380637,-2.8988338472526247
91,llama3.3:70b,2,0.19632217656341708,0.1815067444063979,-3.024656668458073
92,llama3.3:70b,6,0.19477226688816995,0.1812097644921609,-3.134282494225504
93,llama3.3:70b,8,0.188565600000284,0.18222662557964087,-3.618096191961679
94,llama3.3:70b,10,0.18540256397334567,0.18151999612809921,-3.839776571741682
95,llama3.3:70b,4,0.18133968923875143,0.18198717248125404,-4.152448959584934
