model_name,prompt_idx,map_name
llama3.3,0,map_3x3_4581d67942
llama3.3,0,map_3x3_36a9049c34
llama3.3,0,map_3x3_d5cc755ee1
llama3.3,1,map_3x3_4581d67942
llama3.3,1,map_3x3_36a9049c34
llama3.3,1,map_3x3_d5cc755ee1
llama3.3,2,map_3x3_4581d67942
llama3.3,2,map_3x3_36a9049c34
llama3.3,2,map_3x3_d5cc755ee1
llama3.3,3,map_3x3_4581d67942
llama3.3,3,map_3x3_36a9049c34
llama3.3,3,map_3x3_d5cc755ee1
llama3.3,4,map_3x3_4581d67942
llama3.3,4,map_3x3_36a9049c34
llama3.3,4,map_3x3_d5cc755ee1
llama3.3,5,map_3x3_4581d67942
llama3.3,5,map_3x3_36a9049c34
llama3.3,5,map_3x3_d5cc755ee1
llama3.3,6,map_3x3_4581d67942
llama3.3,6,map_3x3_36a9049c34
llama3.3,6,map_3x3_d5cc755ee1
llama3.3,7,map_3x3_4581d67942
llama3.3,7,map_3x3_36a9049c34
llama3.3,7,map_3x3_d5cc755ee1
llama3.3,8,map_3x3_4581d67942
llama3.3,8,map_3x3_36a9049c34
llama3.3,8,map_3x3_d5cc755ee1
llama3.3,9,map_3x3_4581d67942
llama3.3,9,map_3x3_36a9049c34
llama3.3,9,map_3x3_d5cc755ee1
llama3.3,10,map_3x3_4581d67942
llama3.3,10,map_3x3_36a9049c34
llama3.3,10,map_3x3_d5cc755ee1
llama3.3,11,map_3x3_4581d67942
llama3.3,11,map_3x3_36a9049c34
llama3.3,11,map_3x3_d5cc755ee1
deepseek-r1:14b,0,map_3x3_4581d67942
deepseek-r1:14b,0,map_3x3_36a9049c34
deepseek-r1:14b,0,map_3x3_d5cc755ee1
deepseek-r1:14b,1,map_3x3_4581d67942
deepseek-r1:14b,1,map_3x3_36a9049c34
deepseek-r1:14b,1,map_3x3_d5cc755ee1
deepseek-r1:14b,2,map_3x3_4581d67942
deepseek-r1:14b,2,map_3x3_36a9049c34
deepseek-r1:14b,2,map_3x3_d5cc755ee1
deepseek-r1:14b,3,map_3x3_4581d67942
deepseek-r1:14b,3,map_3x3_36a9049c34
deepseek-r1:14b,3,map_3x3_d5cc755ee1
deepseek-r1:14b,4,map_3x3_4581d67942
deepseek-r1:14b,4,map_3x3_36a9049c34
deepseek-r1:14b,4,map_3x3_d5cc755ee1
deepseek-r1:14b,5,map_3x3_4581d67942
deepseek-r1:14b,5,map_3x3_36a9049c34
deepseek-r1:14b,5,map_3x3_d5cc755ee1
deepseek-r1:14b,6,map_3x3_4581d67942
deepseek-r1:14b,6,map_3x3_36a9049c34
deepseek-r1:14b,6,map_3x3_d5cc755ee1
deepseek-r1:14b,7,map_3x3_4581d67942
deepseek-r1:14b,7,map_3x3_36a9049c34
deepseek-r1:14b,7,map_3x3_d5cc755ee1
deepseek-r1:14b,8,map_3x3_4581d67942
deepseek-r1:14b,8,map_3x3_36a9049c34
deepseek-r1:14b,8,map_3x3_d5cc755ee1
deepseek-r1:14b,9,map_3x3_4581d67942
deepseek-r1:14b,9,map_3x3_36a9049c34
deepseek-r1:14b,9,map_3x3_d5cc755ee1
deepseek-r1:14b,10,map_3x3_4581d67942
deepseek-r1:14b,10,map_3x3_36a9049c34
deepseek-r1:14b,10,map_3x3_d5cc755ee1
deepseek-r1:14b,11,map_3x3_4581d67942
deepseek-r1:14b,11,map_3x3_36a9049c34
deepseek-r1:14b,11,map_3x3_d5cc755ee1
deepseek-r1:32b,0,map_3x3_4581d67942
deepseek-r1:32b,0,map_3x3_36a9049c34
deepseek-r1:32b,0,map_3x3_d5cc755ee1
deepseek-r1:32b,1,map_3x3_4581d67942
deepseek-r1:32b,1,map_3x3_36a9049c34
deepseek-r1:32b,1,map_3x3_d5cc755ee1
deepseek-r1:32b,2,map_3x3_4581d67942
deepseek-r1:32b,2,map_3x3_36a9049c34
deepseek-r1:32b,2,map_3x3_d5cc755ee1
deepseek-r1:32b,3,map_3x3_4581d67942
deepseek-r1:32b,3,map_3x3_36a9049c34
deepseek-r1:32b,3,map_3x3_d5cc755ee1
deepseek-r1:32b,4,map_3x3_4581d67942
deepseek-r1:32b,4,map_3x3_36a9049c34
deepseek-r1:32b,4,map_3x3_d5cc755ee1
deepseek-r1:32b,5,map_3x3_4581d67942
deepseek-r1:32b,5,map_3x3_36a9049c34
deepseek-r1:32b,5,map_3x3_d5cc755ee1
deepseek-r1:32b,6,map_3x3_4581d67942
deepseek-r1:32b,6,map_3x3_36a9049c34
deepseek-r1:32b,6,map_3x3_d5cc755ee1
deepseek-r1:32b,7,map_3x3_4581d67942
deepseek-r1:32b,7,map_3x3_36a9049c34
deepseek-r1:32b,7,map_3x3_d5cc755ee1
deepseek-r1:32b,8,map_3x3_4581d67942
deepseek-r1:32b,8,map_3x3_36a9049c34
deepseek-r1:32b,8,map_3x3_d5cc755ee1
deepseek-r1:32b,9,map_3x3_4581d67942
deepseek-r1:32b,9,map_3x3_36a9049c34
deepseek-r1:32b,9,map_3x3_d5cc755ee1
deepseek-r1:32b,11,map_3x3_4581d67942
deepseek-r1:32b,11,map_3x3_36a9049c34
deepseek-r1:32b,11,map_3x3_d5cc755ee1
llama3.1,0,map_5x5_eb9bf2f286
llama3.1,0,map_5x5_985e892d1d
llama3.1,0,map_5x5_145ae7f434
llama3.1,0,map_9x9_95478b4b20
llama3.1,0,map_3x3_4581d67942
llama3.1,0,map_3x3_36a9049c34
llama3.1,0,map_3x3_d5cc755ee1
llama3.1,1,map_5x5_eb9bf2f286
llama3.1,1,map_5x5_985e892d1d
llama3.1,1,map_5x5_145ae7f434
llama3.1,1,map_3x3_4581d67942
llama3.1,1,map_3x3_36a9049c34
llama3.1,1,map_3x3_d5cc755ee1
llama3.1,2,map_5x5_eb9bf2f286
llama3.1,2,map_5x5_985e892d1d
llama3.1,2,map_5x5_145ae7f434
llama3.1,2,map_9x9_95478b4b20
llama3.1,2,map_3x3_4581d67942
llama3.1,2,map_3x3_36a9049c34
llama3.1,2,map_3x3_d5cc755ee1
llama3.1,3,map_5x5_145ae7f434
llama3.1,3,map_9x9_95478b4b20
llama3.1,3,map_3x3_4581d67942
llama3.1,3,map_3x3_36a9049c34
llama3.1,3,map_3x3_d5cc755ee1
llama3.1,4,map_5x5_eb9bf2f286
llama3.1,4,map_5x5_985e892d1d
llama3.1,4,map_5x5_145ae7f434
llama3.1,4,map_3x3_4581d67942
llama3.1,4,map_3x3_36a9049c34
llama3.1,4,map_3x3_d5cc755ee1
llama3.1,5,map_5x5_eb9bf2f286
llama3.1,5,map_5x5_985e892d1d
llama3.1,5,map_5x5_145ae7f434
llama3.1,5,map_9x9_95478b4b20
llama3.1,5,map_3x3_4581d67942
llama3.1,5,map_3x3_36a9049c34
llama3.1,5,map_3x3_d5cc755ee1
llama3.1,6,map_5x5_eb9bf2f286
llama3.1,6,map_5x5_985e892d1d
llama3.1,6,map_5x5_145ae7f434
llama3.1,6,map_9x9_95478b4b20
llama3.1,6,map_3x3_4581d67942
llama3.1,6,map_3x3_36a9049c34
llama3.1,6,map_3x3_d5cc755ee1
llama3.1,7,map_5x5_eb9bf2f286
llama3.1,7,map_5x5_985e892d1d
llama3.1,7,map_5x5_145ae7f434
llama3.1,7,map_9x9_95478b4b20
llama3.1,7,map_3x3_4581d67942
llama3.1,7,map_3x3_36a9049c34
llama3.1,7,map_3x3_d5cc755ee1
llama3.1,8,map_5x5_eb9bf2f286
llama3.1,8,map_5x5_985e892d1d
llama3.1,8,map_5x5_145ae7f434
llama3.1,8,map_9x9_95478b4b20
llama3.1,8,map_3x3_4581d67942
llama3.1,8,map_3x3_36a9049c34
llama3.1,8,map_3x3_d5cc755ee1
llama3.1,9,map_5x5_eb9bf2f286
llama3.1,9,map_5x5_985e892d1d
llama3.1,9,map_5x5_145ae7f434
llama3.1,9,map_9x9_95478b4b20
llama3.1,9,map_3x3_4581d67942
llama3.1,9,map_3x3_36a9049c34
llama3.1,9,map_3x3_d5cc755ee1
llama3.1,10,map_5x5_eb9bf2f286
llama3.1,10,map_5x5_985e892d1d
llama3.1,10,map_5x5_145ae7f434
llama3.1,10,map_9x9_95478b4b20
llama3.1,10,map_3x3_4581d67942
llama3.1,10,map_3x3_36a9049c34
llama3.1,10,map_3x3_d5cc755ee1
llama3.1,11,map_5x5_eb9bf2f286
llama3.1,11,map_5x5_985e892d1d
llama3.1,11,map_5x5_145ae7f434
llama3.1,11,map_9x9_95478b4b20
llama3.1,11,map_3x3_4581d67942
llama3.1,11,map_3x3_36a9049c34
llama3.1,11,map_3x3_d5cc755ee1
deepseek-r1:70b,0,map_3x3_4581d67942
deepseek-r1:70b,0,map_3x3_36a9049c34
deepseek-r1:70b,0,map_3x3_d5cc755ee1
deepseek-r1:70b,1,map_3x3_4581d67942
deepseek-r1:70b,1,map_3x3_36a9049c34
deepseek-r1:70b,1,map_3x3_d5cc755ee1
deepseek-r1:70b,6,map_3x3_4581d67942
deepseek-r1:70b,6,map_3x3_36a9049c34
deepseek-r1:70b,6,map_3x3_d5cc755ee1
deepseek-r1:70b,7,map_3x3_4581d67942
deepseek-r1:70b,7,map_3x3_36a9049c34
deepseek-r1:70b,7,map_3x3_d5cc755ee1
deepseek-r1:70b,9,map_3x3_4581d67942
deepseek-r1:70b,9,map_3x3_36a9049c34
deepseek-r1:70b,9,map_3x3_d5cc755ee1
deepseek-r1,0,map_5x5_eb9bf2f286
deepseek-r1,0,map_5x5_985e892d1d
deepseek-r1,0,map_5x5_145ae7f434
deepseek-r1,0,map_3x3_4581d67942
deepseek-r1,0,map_3x3_36a9049c34
deepseek-r1,0,map_3x3_d5cc755ee1
deepseek-r1,1,map_5x5_eb9bf2f286
deepseek-r1,1,map_5x5_985e892d1d
deepseek-r1,1,map_5x5_145ae7f434
deepseek-r1,1,map_3x3_4581d67942
deepseek-r1,1,map_3x3_36a9049c34
deepseek-r1,1,map_3x3_d5cc755ee1
deepseek-r1,2,map_5x5_eb9bf2f286
deepseek-r1,2,map_5x5_985e892d1d
deepseek-r1,2,map_5x5_145ae7f434
deepseek-r1,2,map_3x3_4581d67942
deepseek-r1,2,map_3x3_36a9049c34
deepseek-r1,2,map_3x3_d5cc755ee1
deepseek-r1,3,map_5x5_eb9bf2f286
deepseek-r1,3,map_5x5_985e892d1d
deepseek-r1,3,map_5x5_145ae7f434
deepseek-r1,3,map_3x3_4581d67942
deepseek-r1,3,map_3x3_36a9049c34
deepseek-r1,3,map_3x3_d5cc755ee1
deepseek-r1,4,map_5x5_eb9bf2f286
deepseek-r1,4,map_5x5_985e892d1d
deepseek-r1,4,map_5x5_145ae7f434
deepseek-r1,4,map_3x3_4581d67942
deepseek-r1,4,map_3x3_36a9049c34
deepseek-r1,4,map_3x3_d5cc755ee1
deepseek-r1,5,map_5x5_eb9bf2f286
deepseek-r1,5,map_5x5_985e892d1d
deepseek-r1,5,map_5x5_145ae7f434
deepseek-r1,5,map_3x3_4581d67942
deepseek-r1,5,map_3x3_36a9049c34
deepseek-r1,5,map_3x3_d5cc755ee1
deepseek-r1,6,map_5x5_eb9bf2f286
deepseek-r1,6,map_5x5_985e892d1d
deepseek-r1,6,map_5x5_145ae7f434
deepseek-r1,6,map_3x3_4581d67942
deepseek-r1,6,map_3x3_36a9049c34
deepseek-r1,6,map_3x3_d5cc755ee1
deepseek-r1,7,map_5x5_eb9bf2f286
deepseek-r1,7,map_5x5_985e892d1d
deepseek-r1,7,map_5x5_145ae7f434
deepseek-r1,7,map_3x3_4581d67942
deepseek-r1,7,map_3x3_36a9049c34
deepseek-r1,7,map_3x3_d5cc755ee1
deepseek-r1,8,map_5x5_eb9bf2f286
deepseek-r1,8,map_5x5_985e892d1d
deepseek-r1,8,map_5x5_145ae7f434
deepseek-r1,8,map_3x3_4581d67942
deepseek-r1,8,map_3x3_36a9049c34
deepseek-r1,8,map_3x3_d5cc755ee1
deepseek-r1,9,map_5x5_eb9bf2f286
deepseek-r1,9,map_5x5_985e892d1d
deepseek-r1,9,map_5x5_145ae7f434
deepseek-r1,9,map_3x3_4581d67942
deepseek-r1,9,map_3x3_36a9049c34
deepseek-r1,9,map_3x3_d5cc755ee1
deepseek-r1,10,map_5x5_eb9bf2f286
deepseek-r1,10,map_5x5_985e892d1d
deepseek-r1,10,map_5x5_145ae7f434
deepseek-r1,10,map_3x3_4581d67942
deepseek-r1,10,map_3x3_36a9049c34
deepseek-r1,10,map_3x3_d5cc755ee1
deepseek-r1,11,map_5x5_eb9bf2f286
deepseek-r1,11,map_5x5_985e892d1d
deepseek-r1,11,map_5x5_145ae7f434
deepseek-r1,11,map_3x3_4581d67942
deepseek-r1,11,map_3x3_36a9049c34
deepseek-r1,11,map_3x3_d5cc755ee1
llama3.1:70b,0,map_3x3_4581d67942
llama3.1:70b,0,map_3x3_36a9049c34
llama3.1:70b,0,map_3x3_d5cc755ee1
llama3.1:70b,1,map_3x3_4581d67942
llama3.1:70b,1,map_3x3_36a9049c34
llama3.1:70b,1,map_3x3_d5cc755ee1
llama3.1:70b,2,map_3x3_4581d67942
llama3.1:70b,2,map_3x3_36a9049c34
llama3.1:70b,2,map_3x3_d5cc755ee1
llama3.1:70b,3,map_3x3_4581d67942
llama3.1:70b,3,map_3x3_36a9049c34
llama3.1:70b,3,map_3x3_d5cc755ee1
llama3.1:70b,4,map_3x3_4581d67942
llama3.1:70b,4,map_3x3_36a9049c34
llama3.1:70b,4,map_3x3_d5cc755ee1
llama3.1:70b,5,map_3x3_4581d67942
llama3.1:70b,5,map_3x3_36a9049c34
llama3.1:70b,5,map_3x3_d5cc755ee1
llama3.1:70b,6,map_3x3_4581d67942
llama3.1:70b,6,map_3x3_36a9049c34
llama3.1:70b,6,map_3x3_d5cc755ee1
llama3.1:70b,7,map_3x3_4581d67942
llama3.1:70b,7,map_3x3_36a9049c34
llama3.1:70b,7,map_3x3_d5cc755ee1
llama3.1:70b,8,map_3x3_4581d67942
llama3.1:70b,8,map_3x3_36a9049c34
llama3.1:70b,8,map_3x3_d5cc755ee1
llama3.1:70b,9,map_3x3_4581d67942
llama3.1:70b,9,map_3x3_36a9049c34
llama3.1:70b,9,map_3x3_d5cc755ee1
llama3.1:70b,10,map_3x3_4581d67942
llama3.1:70b,10,map_3x3_36a9049c34
llama3.1:70b,10,map_3x3_d5cc755ee1
llama3.1:70b,11,map_3x3_4581d67942
llama3.1:70b,11,map_3x3_36a9049c34
llama3.1:70b,11,map_3x3_d5cc755ee1
deepseek-r1:8b,0,map_5x5_eb9bf2f286
deepseek-r1:8b,0,map_5x5_985e892d1d
deepseek-r1:8b,0,map_5x5_145ae7f434
deepseek-r1:8b,0,map_3x3_4581d67942
deepseek-r1:8b,0,map_3x3_36a9049c34
deepseek-r1:8b,0,map_3x3_d5cc755ee1
deepseek-r1:8b,1,map_5x5_eb9bf2f286
deepseek-r1:8b,1,map_5x5_985e892d1d
deepseek-r1:8b,1,map_5x5_145ae7f434
deepseek-r1:8b,1,map_3x3_4581d67942
deepseek-r1:8b,1,map_3x3_36a9049c34
deepseek-r1:8b,1,map_3x3_d5cc755ee1
deepseek-r1:8b,2,map_5x5_eb9bf2f286
deepseek-r1:8b,2,map_5x5_985e892d1d
deepseek-r1:8b,2,map_5x5_145ae7f434
deepseek-r1:8b,2,map_3x3_4581d67942
deepseek-r1:8b,2,map_3x3_36a9049c34
deepseek-r1:8b,2,map_3x3_d5cc755ee1
deepseek-r1:8b,3,map_5x5_eb9bf2f286
deepseek-r1:8b,3,map_5x5_985e892d1d
deepseek-r1:8b,3,map_5x5_145ae7f434
deepseek-r1:8b,3,map_3x3_4581d67942
deepseek-r1:8b,3,map_3x3_36a9049c34
deepseek-r1:8b,3,map_3x3_d5cc755ee1
deepseek-r1:8b,4,map_5x5_eb9bf2f286
deepseek-r1:8b,4,map_5x5_985e892d1d
deepseek-r1:8b,4,map_5x5_145ae7f434
deepseek-r1:8b,4,map_3x3_4581d67942
deepseek-r1:8b,4,map_3x3_36a9049c34
deepseek-r1:8b,4,map_3x3_d5cc755ee1
deepseek-r1:8b,5,map_5x5_eb9bf2f286
deepseek-r1:8b,5,map_5x5_985e892d1d
deepseek-r1:8b,5,map_5x5_145ae7f434
deepseek-r1:8b,5,map_3x3_4581d67942
deepseek-r1:8b,5,map_3x3_36a9049c34
deepseek-r1:8b,5,map_3x3_d5cc755ee1
deepseek-r1:8b,6,map_5x5_eb9bf2f286
deepseek-r1:8b,6,map_5x5_985e892d1d
deepseek-r1:8b,6,map_5x5_145ae7f434
deepseek-r1:8b,6,map_3x3_4581d67942
deepseek-r1:8b,6,map_3x3_36a9049c34
deepseek-r1:8b,6,map_3x3_d5cc755ee1
deepseek-r1:8b,7,map_5x5_eb9bf2f286
deepseek-r1:8b,7,map_5x5_985e892d1d
deepseek-r1:8b,7,map_5x5_145ae7f434
deepseek-r1:8b,7,map_3x3_4581d67942
deepseek-r1:8b,7,map_3x3_36a9049c34
deepseek-r1:8b,7,map_3x3_d5cc755ee1
deepseek-r1:8b,8,map_5x5_eb9bf2f286
deepseek-r1:8b,8,map_5x5_985e892d1d
deepseek-r1:8b,8,map_5x5_145ae7f434
deepseek-r1:8b,8,map_3x3_4581d67942
deepseek-r1:8b,8,map_3x3_36a9049c34
deepseek-r1:8b,8,map_3x3_d5cc755ee1
deepseek-r1:8b,9,map_5x5_eb9bf2f286
deepseek-r1:8b,9,map_5x5_985e892d1d
deepseek-r1:8b,9,map_5x5_145ae7f434
deepseek-r1:8b,9,map_3x3_4581d67942
deepseek-r1:8b,9,map_3x3_36a9049c34
deepseek-r1:8b,9,map_3x3_d5cc755ee1
deepseek-r1:8b,10,map_5x5_eb9bf2f286
deepseek-r1:8b,10,map_5x5_985e892d1d
deepseek-r1:8b,10,map_5x5_145ae7f434
deepseek-r1:8b,10,map_3x3_4581d67942
deepseek-r1:8b,10,map_3x3_36a9049c34
deepseek-r1:8b,10,map_3x3_d5cc755ee1
deepseek-r1:8b,11,map_5x5_eb9bf2f286
deepseek-r1:8b,11,map_5x5_985e892d1d
deepseek-r1:8b,11,map_5x5_145ae7f434
deepseek-r1:8b,11,map_3x3_4581d67942
deepseek-r1:8b,11,map_3x3_36a9049c34
deepseek-r1:8b,11,map_3x3_d5cc755ee1
